index	WEO_Subject_Code	ISO	1980	1981	1982	1983	1984	1985	1986	1987	1988	1989	1990	1991	1992	1993	1994	1995	1996	1997	1998	1999	2000	2001	2002	2003	2004	2005	2006	2007	2008	2009	2010	2011	2012	2013	2014	2015	2016	2017	2018	2019	2020	2021	2022	Estimates_Start_After
9	PPPGDP	AFG	n/a	n/a	n/a	n/a	n/a	n/a	n/a	n/a	n/a	n/a	n/a	n/a	n/a	n/a	n/a	n/a	n/a	n/a	n/a	n/a	n/a	n/a	18.768	20.806	21.522	24.842	26.978	31.39	33.242	40.39	44.333	48.18	55.921	59.059	60.887	62.009	64.081	67.462	71.386	75.87	80.883	86.647	93.315	2014
53	PPPGDP	ALB	5.547	6.41	7.005	7.362	7.776	7.904	8.515	8.662	8.84	10.084	9.411	7.002	6.646	7.457	8.332	9.262	10.29	9.322	10.256	11.755	12.857	14.241	15.116	16.269	17.639	19.212	20.971	22.818	25.01	26.045	27.341	28.616	29.556	30.334	31.441	32.602	34.155	36.198	38.526	40.999	43.556	46.276	49.194	2015
97	PPPGDP	DZA	86.255	97.138	109.768	120.263	131.504	143.312	145.909	148.586	150.865	164.255	171.693	175.279	182.143	182.555	184.763	195.874	207.028	212.889	226.168	236.978	251.58	265.033	284.171	310.706	332.978	363.968	381.471	404.831	422.514	432.672	453.795	476.254	501.03	523.376	552.991	580.18	612.513	634.746	653.077	675.691	700.951	730.74	763.365	2015
141	PPPGDP	AGO	14.949	15.626	16.595	17.975	19.729	21.073	22.122	23.613	25.937	26.957	26.989	28.164	27.125	21.11	21.848	25.649	29.654	32.356	34.242	35.524	37.442	39.906	46.056	49.439	56.326	68.755	85.562	107.684	124.967	128.954	134.977	143.162	153.316	166.407	177.524	184.83	187.261	193.935	201.306	208.583	216.001	223.356	231.254	2015
185	PPPGDP	ATG	0.276	0.312	0.328	0.363	0.415	0.46	0.508	0.558	0.609	0.671	0.715	0.758	0.783	0.846	0.919	0.891	0.962	1.038	1.103	1.17	1.305	1.247	1.271	1.374	1.463	1.623	1.875	2.055	2.128	1.914	1.775	1.778	1.873	1.931	2.06	2.161	2.271	2.372	2.466	2.563	2.659	2.759	2.865	2016
229	PPPGDP	ARG	176.595	181.994	187.2	201.854	213.199	204.727	223.778	235.293	238.765	230.669	236.001	269.456	303.984	330.67	357.417	354.49	380.909	418.855	439.702	431.317	437.65	427.89	387.126	429.738	481.426	540.9	602.385	674.119	715.23	678.009	755.782	817.698	824.213	857.668	851.089	883.018	874.072	912.816	954.836	999.765	1,050.45	1,105.50	1,163.52	2016
273	PPPGDP	ARM	n/a	n/a	n/a	n/a	n/a	n/a	n/a	n/a	n/a	n/a	n/a	n/a	4.886	4.299	4.628	5.104	5.466	5.748	6.174	6.468	7.002	7.84	9.139	10.63	12.067	14.213	16.583	19.365	21.117	18.266	18.896	20.193	22.032	23.126	24.389	25.395	25.783	27.116	28.527	30.028	31.583	33.318	35.372	2015
317	PPPGDP	AUS	154.527	175.929	186.961	193.421	212.996	231.806	242.268	260.608	281.203	305.637	321.669	328.912	345.355	367.558	393.827	413.784	439.492	466.276	493.321	522.314	551.281	577.788	610.364	640.968	685.398	729.843	772.656	828.699	867.008	888.797	920.447	964.423	1,017.78	1,056.10	1,105.11	1,143.64	1,187.32	1,251.42	1,317.79	1,386.36	1,454.46	1,525.97	1,599.58	2016
361	PPPGDP	AUT	84.466	92.261	99.855	106.708	110.861	116.975	122.127	127.349	133.073	143.621	155.405	166.105	173.448	178.51	186.689	195.667	204.016	212.085	222.018	233.508	246.866	255.902	264.133	271.437	286.447	301.992	321.702	342.223	354.335	343.462	354.364	371.835	381.508	388.151	397.649	405.797	417.226	432.424	447.85	463.414	477.96	492.909	508.447	2016
405	PPPGDP	AZE	n/a	n/a	n/a	n/a	n/a	n/a	n/a	n/a	n/a	n/a	n/a	n/a	33.999	26.768	21.96	19.497	20.355	22.543	24.157	27.321	29.683	32.329	35.496	39.997	45.289	59.087	81.914	105.117	118.754	130.784	138.947	141.949	147.691	158.786	166.154	169.789	165.533	167.431	174.628	183.94	192.83	202.684	213.21	2016
449	PPPGDP	BHS	1.967	2.089	2.358	2.618	2.776	2.982	3.121	3.319	3.513	3.733	3.912	3.873	3.81	3.913	4.122	4.392	4.661	4.976	5.267	5.729	6.103	6.406	6.68	6.727	6.973	7.442	7.864	8.19	8.156	7.875	8.094	8.312	8.726	8.868	8.979	8.925	9.043	9.374	9.792	10.218	10.61	10.967	11.337	2015
493	PPPGDP	BHR	6.199	6.967	7.873	8.756	9.446	9.658	9.9	10.029	10.998	11.541	12.387	13.092	14.344	15.802	16.657	17.331	18.221	18.968	20.104	21.631	23.675	24.818	26.043	28.235	31.036	34.203	37.534	41.729	45.203	46.704	49.324	51.341	54.236	58.097	61.711	64.16	66.899	69.922	72.648	75.512	78.673	82.048	85.622	2015
537	PPPGDP	BGD	42.099	47.445	52.005	56.549	61.002	65.312	69.284	73.135	77.502	83.977	91.091	98.08	105.132	112.287	119.852	128.188	137.071	146.813	155.892	166.858	180.21	193.226	205.698	221.918	241.948	265.471	292.374	319.719	343.971	365.003	391.742	425.793	460.78	496.493	537.293	580.065	628.381	686.598	751.105	821.312	896.528	978.717	1,069.02	2015
581	PPPGDP	BRB	1.355	1.453	1.467	1.533	1.645	1.716	1.84	1.936	2.074	2.232	2.238	2.222	2.143	2.212	2.304	2.4	2.541	2.707	2.838	2.891	3.089	3.084	3.156	3.289	3.427	3.678	4.005	4.185	4.284	4.142	4.203	4.323	4.415	4.483	4.567	4.657	4.794	4.983	5.187	5.38	5.554	5.735	5.924	2015
625	PPPGDP	BLR	n/a	n/a	n/a	n/a	n/a	n/a	n/a	n/a	n/a	n/a	n/a	n/a	52.414	49.582	44.713	40.586	42.474	48.14	52.771	55.375	59.898	64.153	68.429	74.69	85.52	96.611	109.542	122.174	137.319	138.594	151.23	162.623	168.378	172.781	178.956	173.954	170.961	173.405	178.437	183.842	191.54	198.81	207.059	2015
669	PPPGDP	BEL	106.819	116.467	124.429	129.745	137.663	144.415	150.012	157.389	170.592	183.374	196.123	206.365	214.301	217.289	229.074	239.429	247.683	261.271	269.323	283.189	300.156	309.488	319.835	328.738	350.056	368.885	389.723	413.687	424.953	418.396	434.922	451.875	460.83	467.958	484.211	496.762	509.531	529.289	549.281	569.619	590.078	611.075	633.295	2015
713	PPPGDP	BLZ	0.205	0.225	0.221	0.243	0.28	0.285	0.312	0.391	0.448	0.538	0.62	0.714	0.819	0.891	0.911	0.936	0.967	1.018	1.068	1.179	1.363	1.464	1.563	1.742	1.874	1.984	2.138	2.22	2.336	2.373	2.482	2.586	2.732	2.797	2.963	3.081	3.09	3.252	3.401	3.549	3.693	3.843	4.001	2015
757	PPPGDP	BEN	2.694	3.002	3.242	3.303	3.434	3.697	3.875	3.891	4.166	4.204	4.751	5.117	5.388	5.838	6.083	6.586	6.996	7.523	7.906	8.456	9.069	9.771	10.381	10.953	11.752	12.339	13.219	14.383	15.384	15.861	16.394	17.227	18.389	20.031	21.684	22.377	23.585	25.407	27.543	29.914	32.549	35.551	38.525	2015
801	PPPGDP	BTN	0.196	0.243	0.279	0.311	0.347	0.374	0.412	0.508	0.605	0.667	0.755	0.818	0.854	0.902	0.942	1.019	1.1	1.181	1.265	1.376	1.505	1.647	1.832	2.039	2.236	2.459	2.711	3.133	3.538	3.769	4.171	4.67	5.062	5.328	5.638	6.048	6.509	7.045	8.01	9.31	10.3	11.054	11.989	2016
845	PPPGDP	BOL	10.787	11.829	12.069	12.038	12.44	12.623	12.546	13.183	14.042	15.141	16.428	17.869	18.577	19.831	21.199	22.653	24.073	25.698	27.283	27.819	29.166	30.333	31.564	33.066	35.393	38.147	41.205	44.233	47.873	49.856	52.548	56.424	60.406	65.554	70.371	74.576	78.655	83.608	88.642	93.757	98.996	104.536	110.446	2015
889	PPPGDP	BIH	n/a	n/a	n/a	n/a	n/a	n/a	n/a	n/a	n/a	n/a	n/a	n/a	n/a	n/a	n/a	n/a	11.258	14.068	16.185	18.199	19.44	20.352	21.709	22.996	25.107	27.012	29.427	32.016	34.47	34.449	35.137	36.188	36.463	37.939	39.036	40.669	42.234	44.462	47.048	49.907	52.899	56.151	59.613	2015
933	PPPGDP	BWA	1.789	2.115	2.603	2.998	3.307	3.675	4.072	4.798	6.129	6.665	7.519	8.253	8.424	8.972	9.091	9.933	10.703	11.761	11.974	13.333	13.907	14.259	15.357	16.388	17.294	18.664	20.847	23.173	25.103	23.358	25.668	27.782	29.555	33.439	35.45	35.222	36.708	39.054	41.601	44.348	47.192	50.121	53.242	2015
977	PPPGDP	BRA	570.249	596.062	636.815	639.447	697.282	776.449	851.863	905.061	939.219	1,006.97	1,000.68	1,044.66	1,063.48	1,139.57	1,225.91	1,306.76	1,360.00	1,430.24	1,450.65	1,479.75	1,579.82	1,638.29	1,714.23	1,768.36	1,921.64	2,046.98	2,193.47	2,388.52	2,559.44	2,575.63	2,803.37	2,974.96	3,087.96	3,232.12	3,306.57	3,216.17	3,141.34	3,216.03	3,345.50	3,485.68	3,627.10	3,774.49	3,929.81	2016
1021	PPPGDP	BRN	n/a	n/a	n/a	n/a	n/a	12.1	12.001	12.346	12.732	13.519	14.171	15.104	16.183	16.618	17.506	18.672	19.56	19.602	19.703	20.615	21.686	22.789	24.035	25.226	26.05	26.993	29.05	29.858	29.842	29.521	30.674	32.48	33.38	33.199	32.945	33.165	32.536	32.838	33.792	37.719	42.052	47.754	51.322	2015
1065	PPPGDP	BGR	39.489	45.464	50.313	53.868	58.346	61.297	65.847	70.701	74.933	77.457	73.013	67.329	63.061	57.056	56.135	56.388	52.799	52.819	55.988	56.564	60.747	64.474	69.351	74.381	81.344	89.942	99.079	109.186	118.032	114.663	117.601	122.327	124.619	127.723	131.738	137.972	144.598	152.079	159.681	167.263	174.902	182.906	191.38	2016
1109	PPPGDP	BFA	2.375	2.666	2.871	2.948	3.102	3.563	3.924	4.015	4.396	4.665	4.808	5.419	5.556	5.885	6.089	6.571	7.428	8.033	8.713	9.495	9.894	10.789	11.431	12.57	13.494	15.135	16.575	17.715	19.11	19.826	21.763	23.684	25.677	27.568	29.235	30.742	32.827	35.598	38.701	42.105	45.76	49.704	53.877	2014
1153	PPPGDP	BDI	1.388	1.703	1.789	1.929	2	2.308	2.431	2.63	2.859	3.01	3.23	3.53	3.647	3.501	3.438	3.232	3.028	3.092	3.274	3.363	3.501	3.64	3.783	3.954	4.216	4.542	4.935	5.241	5.603	5.861	6.237	6.622	7.044	7.583	8.066	7.83	7.851	8.024	8.216	8.431	8.644	8.864	9.093	2015
1197	PPPGDP	CPV	0.231	0.274	0.299	0.34	0.366	0.41	0.43	0.46	0.505	0.554	0.579	0.606	0.639	0.702	0.767	0.841	0.914	1.001	1.097	1.246	1.367	1.484	1.586	1.739	1.875	2.048	2.303	2.582	2.808	2.793	2.869	3.044	3.134	3.21	3.287	3.358	3.54	3.762	4.002	4.257	4.52	4.805	5.111	2015
1241	PPPGDP	KHM	n/a	n/a	n/a	n/a	n/a	n/a	n/a	4.309	4.889	5.248	5.503	6.117	6.699	7.136	7.884	8.567	9.195	9.878	10.486	11.914	13.254	14.66	15.865	17.557	19.906	23.268	26.567	30.059	32.7	33.644	35.37	38.652	42.243	46.113	50.258	54.373	58.953	64.405	70.302	76.698	83.356	90.404	98.141	2013
1285	PPPGDP	CMR	10.371	13.272	15.162	16.839	18.739	20.906	22.776	22.854	21.794	22.241	21.643	21.521	21.34	21.158	21.069	22.219	23.736	25.426	26.96	28.484	30.348	32.441	34.26	36.351	38.734	40.898	43.513	46.126	48.387	49.697	51.948	55.216	58.819	63.087	68.022	72.718	76.948	81.535	86.942	93.165	99.786	107.163	115.185	2015
1329	PPPGDP	CAN	287.254	325.078	334.192	356.411	390.928	422.537	440.375	470.115	508.124	540.15	560.993	567.344	585.401	615.241	656.571	688.211	712.061	755.25	793.08	846.792	910.945	948.204	991.74	1,029.75	1,090.71	1,161.85	1,228.96	1,287.69	1,326.09	1,296.74	1,353.06	1,424.37	1,475.93	1,536.89	1,604.54	1,637.07	1,682.36	1,752.91	1,827.21	1,901.71	1,974.99	2,051.27	2,131.63	2016
1373	PPPGDP	CAF	0.926	1.144	1.171	1.144	1.302	1.394	1.525	1.563	1.646	1.802	1.829	1.903	1.914	1.961	2.21	2.352	2.209	2.419	2.537	2.672	2.687	2.759	2.809	2.669	2.815	2.977	3.215	3.453	3.593	3.682	3.841	4.049	4.293	2.762	2.84	3.009	3.186	3.411	3.663	3.939	4.238	4.567	4.925	2012
1417	PPPGDP	TCD	1.911	1.864	2.086	2.507	2.733	3.043	3.29	3.497	3.892	4.122	4.412	5.033	5.271	5.284	5.693	5.767	5.996	6.444	6.966	7.025	7.121	8.133	8.959	10.483	14.393	16.091	16.693	17.697	18.597	19.514	22.438	22.929	25.408	27.304	29.708	30.559	28.988	29.73	31.13	32.79	34.656	36.69	39.024	2015
1461	PPPGDP	CHL	38.354	44.54	40.876	41.299	45.282	47.651	51.332	56.106	62.302	71.589	76.962	85.659	97.365	106.381	114.145	126.831	137.906	150.631	159.058	160.659	173.096	182.906	191.475	203.31	223.901	244.387	267.871	288.57	304.542	302.085	323.643	350.325	375.802	397.323	412.596	426.424	438.752	455.941	476.945	500.568	525.473	552.898	582.75	2016
1505	PPPGDP	CHN	305.945	351.572	406.99	468.745	559.159	654.954	727.625	833.501	960.161	1,039.39	1,119.87	1,263.60	1,477.23	1,722.59	1,989.71	2,254.64	2,523.08	2,802.37	3,053.74	3,336.11	3,698.62	4,096.90	4,538.33	5,091.71	5,760.13	6,617.29	7,686.84	9,011.95	10,070.85	11,080.89	12,405.88	13,864.86	15,235.77	16,689.40	18,228.36	19,695.74	21,291.77	23,194.41	25,176.32	27,272.31	29,463.87	31,804.23	34,316.49	2016
1549	PPPGDP	COL	78.857	88.184	94.543	99.822	106.828	113.672	122.718	132.607	142.827	153.447	165.936	175.526	187.343	202.751	217.725	233.829	242.992	255.63	259.876	252.761	266.073	276.703	287.986	305.238	330.357	357.035	392.653	430.917	454.954	465.98	490.407	533.513	565.313	602.441	640.171	666.806	688.818	720.151	758.593	802.754	848.017	895.909	947.473	2016
1593	PPPGDP	COM	0.246	0.284	0.313	0.336	0.362	0.381	0.397	0.414	0.44	0.442	0.482	0.471	0.523	0.551	0.533	0.564	0.567	0.601	0.614	0.636	0.659	0.697	0.737	0.77	0.789	0.849	0.886	0.914	0.941	0.966	0.997	1.041	1.091	1.148	1.191	1.217	1.259	1.329	1.414	1.502	1.594	1.691	1.795	2015
1637	PPPGDP	COD	19.622	21.657	22.896	24.136	26.203	27.167	29.023	30.559	31.775	32.595	31.581	29.876	27.36	24.238	23.233	24.373	24.338	22.814	22.168	21.651	20.342	20.369	21.291	22.927	25.145	27.546	29.903	32.619	35.331	36.616	39.698	43.302	47.226	52.059	58.009	62.688	65.037	68.331	72.272	76.652	81.376	86.82	92.931	2015
1681	PPPGDP	COG	3.126	3.507	3.814	4.06	4.304	4.546	4.747	4.981	6.285	7.918	8.293	8.775	9.209	9.336	9.011	9.565	10.158	10.267	10.766	10.649	11.716	12.439	13.209	13.582	14.44	16.061	17.587	17.769	19.127	20.784	22.871	24.136	25.522	26.782	29.127	30.212	29.777	30.607	34.054	35.319	37.087	38.746	40.424	2014
1725	PPPGDP	CRI	8.173	8.734	8.601	9.196	10.286	10.692	11.512	12.368	13.24	14.534	15.615	16.5	18.428	20.203	21.559	22.916	23.623	25.364	27.425	28.942	30.735	32.533	34.12	36.281	38.896	41.701	46.093	51.185	54.615	54.496	57.894	61.634	65.78	68.359	72.127	76.347	80.699	85.781	91.174	96.827	102.612	108.711	115.19	2015
1769	PPPGDP	CIV	15.382	17.406	18.523	18.773	19.05	20.368	21.776	22.22	23.26	24.877	25.516	26.376	26.91	27.5	28.134	30.321	33.386	35.901	38.08	39.288	39.351	40.296	40.233	40.477	42.102	44.205	46.254	48.323	50.524	52.562	54.278	53.073	59.51	66.078	73.191	80.6	87.798	95.887	105.095	115.126	125.684	137.061	149.162	2014
1813	PPPGDP	HRV	n/a	n/a	n/a	n/a	n/a	n/a	n/a	n/a	n/a	n/a	n/a	n/a	38.25	36.027	38.965	42.416	45.728	49.601	51.073	51.37	54.517	57.675	61.633	66.356	70.964	76.297	82.405	88.954	92.562	86.378	85.946	87.473	87.136	87.602	88.731	91.158	95.063	100.006	104.916	109.848	114.604	119.461	124.56	2015
1857	PPPGDP	CYP	3.242	3.653	4.123	4.514	5.087	5.499	5.811	6.384	7.157	8.037	8.951	9.318	10.423	10.745	11.621	13.041	13.456	14.037	14.933	15.893	17.185	18.21	19.118	19.982	21.47	22.986	24.761	26.645	28.217	27.928	28.642	29.326	28.924	27.641	27.706	28.473	29.666	31.093	32.515	33.948	35.347	36.813	38.363	2016
1901	PPPGDP	CZE	n/a	n/a	n/a	n/a	n/a	n/a	n/a	n/a	n/a	n/a	n/a	n/a	n/a	n/a	n/a	143.363	152.232	153.794	154.972	159.606	170.247	179.441	185.196	195.692	211.022	231.843	255.4	276.693	289.769	277.833	287.682	299.507	302.584	305.984	319.919	338.027	350.72	368.659	385.023	402.374	419.753	438.192	457.626	2015
1945	PPPGDP	DNK	58.975	64.058	70.533	75.224	81.14	87.087	93.2	95.822	99.16	103.685	109.102	114.307	119.201	122.046	131.29	137.969	144.569	151.837	156.882	163.979	173.997	179.426	183.032	187.407	197.698	208.836	223.674	231.709	235.048	225.215	232.224	240.186	245.17	251.459	260.249	267.271	273.865	284.04	295.337	307.252	319.32	331.735	344.855	2015
1989	PPPGDP	DJI	n/a	n/a	n/a	n/a	n/a	n/a	n/a	n/a	n/a	n/a	n/a	1.168	1.202	1.147	1.156	1.139	1.116	1.122	1.135	1.186	1.222	1.272	1.333	1.403	1.482	1.577	1.704	1.837	1.982	2.029	2.139	2.343	2.501	2.669	2.88	3.1	3.345	3.658	4.002	4.376	4.732	5.117	5.537	2014
2033	PPPGDP	DMA	0.125	0.151	0.167	0.178	0.192	0.201	0.22	0.24	0.267	0.277	0.303	0.317	0.331	0.346	0.354	0.372	0.391	0.406	0.426	0.434	0.454	0.464	0.458	0.497	0.526	0.547	0.59	0.644	0.703	0.7	0.714	0.727	0.732	0.75	0.795	0.79	0.805	0.847	0.885	0.923	0.961	0.998	1.034	2015
2077	PPPGDP	DOM	13.501	15.393	16.626	18.082	18.958	19.15	20.224	22.838	24.147	26.19	25.678	26.783	28.917	31.745	33.169	35.723	38.971	42.818	46.308	50.168	54.208	56.437	60.615	61.665	64.187	72.369	82.544	91.921	96.732	98.389	107.874	113.516	118.837	126.482	138.543	149.893	161.838	174.18	186.983	200.639	214.919	230.237	246.778	2016
2121	PPPGDP	ECU	26.063	29.608	31.823	32.153	34.692	37.378	39.311	37.907	43.347	45.161	48.24	52.394	55.526	57.984	61.739	64.447	66.759	70.841	73.949	71.522	73.948	78.671	83.151	87.118	96.864	105.271	113.283	118.845	128.879	130.594	136.849	150.664	162.097	172.862	182.982	185.243	183.61	184.629	188.274	193.753	200.054	207.257	214.868	2015
2165	PPPGDP	EGY	91.072	101.764	115.964	131.241	146.799	162.746	173.929	185.989	200.188	214.196	227.338	239.837	246.041	259.199	275.801	294.177	314.161	338.454	367.932	396.387	427.23	452.366	473.942	498.829	533.521	575.311	633.572	696.532	761.019	802.635	854.26	887.28	923.741	969.653	1,015.79	1,071.61	1,132.37	1,197.97	1,279.53	1,376.97	1,486.22	1,607.13	1,738.23	2016
2209	PPPGDP	SLV	10.096	10.407	10.356	10.93	11.469	11.909	12.172	12.797	13.493	14.153	15.385	16.466	18.112	19.909	21.563	23.421	24.255	25.718	26.971	28.329	29.597	30.789	31.993	33.382	34.934	37.343	39.996	42.637	44.028	42.972	44.091	45.998	47.727	49.394	50.995	52.809	54.787	57.285	59.915	62.515	65.051	67.696	70.487	2016
2253	PPPGDP	GNQ	0.1	0.115	0.125	0.136	0.143	0.166	0.166	0.177	0.188	0.193	0.206	0.21	0.285	0.323	0.385	0.461	0.772	1.945	2.433	3.105	6.202	10.55	12.821	14.89	21.058	23.529	23.484	27.794	33.383	34.089	31.426	34.167	37.689	36.715	37.185	34.79	31.72	30.807	29.891	29.278	28.922	28.949	29.04	2014
2297	PPPGDP	ERI	n/a	n/a	n/a	n/a	n/a	n/a	n/a	n/a	n/a	n/a	n/a	n/a	2.401	2.775	3.199	3.949	4.115	4.568	4.982	5.158	5.285	4.738	5.232	5.496	5.497	5.757	5.876	6.118	5.628	5.891	6.093	6.759	7.367	7.714	8.244	8.73	9.169	9.678	10.256	10.858	11.496	12.188	12.934	2006
2341	PPPGDP	EST	n/a	n/a	n/a	n/a	n/a	n/a	n/a	n/a	n/a	n/a	n/a	n/a	n/a	11.09	11.14	11.618	12.46	14.168	14.912	15.01	16.943	18.425	19.845	21.742	23.746	26.807	30.469	33.704	32.502	27.927	28.964	31.804	33.785	34.817	36.44	37.364	38.451	40.275	42.331	44.431	46.6	48.922	51.419	2016
2385	PPPGDP	ETH	10.709	11.709	12.555	14.075	14.238	13.017	14.566	17.01	17.707	18.311	19.483	18.678	17.402	20.197	21.346	23.125	26.734	27.964	27.084	29.229	32.835	36.075	37.227	37.172	42.675	49.617	57.043	65.468	74.22	82.293	92.101	104.705	115.91	129.493	145.387	162.243	177.458	194.98	214.315	235.469	258.01	282.413	309.425	2016
2429	PPPGDP	FJI	1.433	1.661	1.744	1.737	1.98	1.967	2.139	2.035	2.18	2.579	2.829	2.845	3.087	3.242	3.48	3.645	3.89	3.862	3.954	4.364	4.388	4.573	4.792	4.926	5.335	5.435	5.708	5.808	5.981	5.942	6.195	6.493	6.706	7.137	7.672	8.032	8.298	8.798	9.329	9.87	10.418	11.005	11.623	2015
2473	PPPGDP	FIN	44.985	49.822	54.547	58.47	62.491	66.771	69.974	74.315	80.924	88.347	92.237	89.669	88.664	90.106	95.65	101.752	107.399	116.069	123.696	131.171	141.715	148.686	153.506	159.689	170.522	180.902	194.021	209.512	215.161	198.869	207.322	217.041	217.887	219.726	222.248	225.242	231.37	239.662	248.459	257.746	266.936	276.502	286.603	2016
2517	PPPGDP	FRA	578.363	639.182	695.869	732.425	769.98	807.519	843.169	886.975	961.482	1,042.35	1,112.41	1,161.38	1,206.85	1,227.99	1,283.55	1,337.64	1,380.95	1,437.43	1,504.70	1,579.78	1,678.33	1,750.13	1,796.88	1,847.72	1,951.44	2,046.60	2,159.59	2,269.41	2,318.45	2,267.34	2,340.16	2,438.12	2,487.57	2,542.31	2,604.31	2,665.86	2,733.68	2,833.06	2,944.26	3,061.48	3,179.32	3,303.08	3,434.45	2016
2561	PPPGDP	GAB	6.775	7.112	7.863	8.336	9.055	9.887	9.874	8.567	9.177	11.005	12	13.158	13.043	13.88	14.702	15.755	16.624	17.879	18.702	17.29	17.35	18.127	18.44	19.127	19.873	20.351	20.576	22.462	23.299	22.941	24.677	26.973	28.912	31	32.955	34.601	35.85	36.999	38.833	41.318	44.104	47.122	50.459	2015
2605	PPPGDP	GMB	0.435	0.431	0.552	0.652	0.623	0.667	0.696	0.734	0.773	0.838	0.918	0.969	1.009	1.072	1.058	1.116	1.169	1.206	1.298	1.402	1.514	1.637	1.608	1.753	1.928	1.972	2.055	2.186	2.357	2.528	2.726	2.663	2.864	3.049	3.132	3.302	3.427	3.607	3.816	4.041	4.275	4.531	4.811	2013
2649	PPPGDP	GEO	n/a	n/a	n/a	n/a	n/a	n/a	n/a	n/a	n/a	n/a	n/a	n/a	n/a	n/a	7.542	7.899	8.888	9.995	10.394	10.866	11.386	12.194	13.072	14.822	16.112	18.225	20.555	23.757	24.808	24.084	25.902	28.346	30.701	32.254	34.349	35.719	37.174	39.318	41.8	44.62	47.792	51.425	55.403	2016
2693	PPPGDP	DEU	866.222	948.148	999.039	1,054.62	1,122.91	1,184.25	1,237.33	1,287.55	1,382.41	1,492.36	1,636.13	1,775.31	1,843.28	1,868.54	1,956.70	2,033.71	2,088.57	2,164.73	2,227.07	2,302.95	2,430.43	2,531.38	2,570.86	2,603.34	2,693.59	2,804.58	3,002.74	3,186.68	3,275.70	3,116.82	3,279.53	3,471.83	3,560.05	3,638.97	3,763.23	3,860.11	3,980.28	4,134.67	4,291.99	4,448.21	4,596.48	4,746.81	4,902.40	2015
2737	PPPGDP	GHA	9.73	10.266	10.149	10.038	11.326	12.284	13.183	14.168	15.489	16.91	18.119	19.714	20.95	22.246	23.541	25.049	26.692	28.464	30.124	31.939	33.887	36.108	38.33	41.146	44.636	48.775	53.416	57.222	63.682	67.274	73.474	85.526	95.196	103.807	109.878	115.409	121.652	131.498	146.762	158.866	170.253	182.694	196.432	2015
2781	PPPGDP	GRC	87.056	93.703	98.392	101.174	106.867	113.058	115.931	116.207	125.432	135.26	140.264	149.427	153.9	155.041	161.508	168.338	176.318	187.378	196.788	205.938	218.879	233.117	245.98	265.423	286.524	297.513	323.988	343.498	349.062	336.587	322.035	298.666	281.962	277.228	283.188	285.607	289.398	302.15	317.249	331.346	344.927	358.267	369.45	2016
2825	PPPGDP	GRD	0.19	0.211	0.233	0.251	0.27	0.295	0.323	0.362	0.385	0.415	0.449	0.47	0.477	0.479	0.498	0.52	0.552	0.589	0.666	0.723	0.777	0.779	0.818	0.913	0.933	1.09	1.079	1.175	1.21	1.138	1.146	1.179	1.187	1.234	1.349	1.448	1.512	1.588	1.667	1.75	1.833	1.92	2.013	2015
2869	PPPGDP	GTM	19.425	21.375	21.897	22.186	23.091	23.687	24.189	25.694	27.628	29.834	31.897	33.948	36.319	38.447	40.64	43.313	45.338	48.005	50.758	53.442	56.024	58.676	61.881	64.712	68.587	73.102	79.402	86.653	91.252	92.429	96.243	102.318	107.297	113.061	119.89	126.207	131.703	138.987	147.071	156.009	165.362	175.46	186.275	2015
2913	PPPGDP	GIN	2.111	2.322	2.511	2.644	2.776	3.008	3.164	3.352	3.688	3.985	4.311	4.565	4.822	5.186	5.509	5.887	6.303	6.743	7.129	7.565	7.96	8.448	8.935	9.223	9.698	10.31	10.892	11.379	12.175	12.233	12.622	13.304	13.982	14.423	14.837	15.01	16.001	17.056	18.292	19.766	21.104	22.521	23.929	2011
2957	PPPGDP	GNB	0.463	0.504	0.558	0.56	0.612	0.658	0.665	0.72	0.76	0.812	0.881	0.977	1.03	1.079	1.134	1.204	1.272	1.372	1.152	1.324	1.352	1.411	1.414	1.448	1.529	1.645	1.735	1.839	1.936	2.016	2.135	2.355	2.357	2.473	2.542	2.701	2.878	3.089	3.316	3.558	3.812	4.083	4.377	2015
3001	PPPGDP	GUY	1.276	1.403	1.358	1.249	1.321	1.369	1.393	1.427	1.388	1.371	1.379	1.511	1.665	1.844	2.043	2.191	2.409	2.602	2.585	2.703	2.727	2.852	2.93	2.969	3.098	3.135	3.398	3.733	3.881	4.04	4.269	4.594	4.904	5.243	5.542	5.777	6.046	6.398	6.776	7.18	10.145	13.303	13.954	2016
3045	PPPGDP	HTI	6.392	7.062	7.291	7.465	7.745	8.054	8.239	8.412	8.755	8.993	9.285	9.715	9.713	9.454	8.535	9.575	10.154	10.607	10.956	11.425	11.787	11.929	12.082	12.368	12.26	12.883	13.578	14.405	14.812	15.384	14.716	15.849	16.607	17.591	18.408	18.831	19.354	19.979	21.039	22.145	23.27	24.453	25.711	2016
3089	PPPGDP	HND	5.237	5.871	6.149	6.332	6.842	7.357	7.559	8.22	8.9	9.646	10.012	10.682	11.54	12.55	12.65	13.441	14.176	15.139	15.747	15.686	17.213	18.085	19.052	20.315	22.175	24.273	26.662	29.065	30.889	30.367	31.885	33.791	35.835	37.43	39.265	41.132	43.174	45.628	48.328	51.265	54.287	57.491	60.917	2015
3133	PPPGDP	HKG	34.503	41.193	45.011	49.602	56.5	58.725	66.561	77.403	86.932	92.369	99.454	108.624	118.027	128.328	138.971	145.236	154.185	164.823	156.81	163.201	179.706	184.832	190.778	200.53	223.97	248.256	273.879	299.344	311.71	306.354	331.084	354.188	366.845	384.331	402.019	415.974	429.652	449.589	471.186	494.611	518.996	546.044	574.968	2016
3177	PPPGDP	HUN	67.712	76.157	83.18	87.089	92.576	95.297	98.711	105.331	108.947	114.017	114.1	103.877	102.99	104.833	110.219	115.377	117.489	123.452	130.056	136.278	145.236	154.153	163.567	173.215	186.886	201.354	215.543	222.27	228.646	215.261	219.366	227.789	228.267	236.865	250.864	261.545	270.285	284.266	299.348	313.869	327.884	341.885	356.676	2016
3221	PPPGDP	ISL	2.48	2.827	3.067	3.12	3.364	3.586	3.887	4.327	4.475	4.661	4.89	5.041	4.982	5.168	5.468	5.589	5.963	6.315	6.802	7.183	7.69	8.167	8.319	8.692	9.654	10.633	11.507	12.918	13.372	12.538	12.239	12.74	13.133	13.933	14.456	15.21	16.519	17.846	18.909	19.947	20.983	21.967	23.013	2016
3265	PPPGDP	IND	381.961	442.709	486.519	542.586	583.309	633.604	677.253	722.079	819.31	901.792	986.896	1,030.52	1,111.80	1,192.32	1,298.78	1,426.30	1,561.98	1,653.06	1,774.34	1,953.95	2,077.84	2,230.28	2,353.00	2,590.57	2,870.73	3,238.20	3,646.91	4,110.92	4,354.65	4,759.79	5,312.26	5,781.84	6,211.27	6,724.37	7,336.19	8,003.41	8,662.35	9,489.30	10,447.32	11,508.28	12,670.37	13,972.74	15,426.54	2017
3309	PPPGDP	IDN	184.423	216.977	235.616	255.186	284.257	304.81	333.309	364.28	403.345	457.097	516.674	581.537	633.591	700.271	769.099	849.679	932.826	993.39	872.355	892.713	958.481	1,016.04	1,078.06	1,152.12	1,243.36	1,356.41	1,475.00	1,610.33	1,764.11	1,861.08	2,003.96	2,171.52	2,344.88	2,515.16	2,688.37	2,849.80	3,032.09	3,257.12	3,506.52	3,776.95	4,065.05	4,375.50	4,712.19	2016
3353	PPPGDP	IRN	197.213	203.343	266	307.155	295.347	310.491	285.757	292.546	284.371	313.545	369.345	430.169	454.486	458.453	460.259	481.14	521.033	537.111	554.232	573.984	621.359	650.723	714.091	791.252	848.268	912.409	994.09	1,113.58	1,145.91	1,181.34	1,274.42	1,349.50	1,283.53	1,279.33	1,354.95	1,347.45	1,454.52	1,535.49	1,636.83	1,747.24	1,862.07	1,983.88	2,113.82	2016
3397	PPPGDP	IRQ	n/a	n/a	n/a	n/a	n/a	n/a	n/a	n/a	n/a	n/a	n/a	n/a	n/a	n/a	n/a	n/a	n/a	n/a	79.963	101.282	99.089	94.69	88.647	164.363	259.042	271.855	296.008	309.623	341.673	355.901	383.315	420.752	488.22	533.949	547.523	580.241	647.18	641.005	672.605	695.043	719.54	745.499	773.46	2014
3441	PPPGDP	IRL	25.417	28.488	30.708	31.687	33.863	35.627	36.5	38.794	41.356	45.376	50.683	53.229	56.392	59.069	63.882	71.47	79.391	89.429	97.831	110.092	123.758	134.253	143.911	152.196	167.012	182.372	199.034	211.987	206.635	198.611	205.049	209.118	210.65	216.336	238.805	304.767	324.9	343.682	362.46	381.575	400.591	420.269	441.21	2016
3485	PPPGDP	ISR	27.612	31.616	34.056	36.316	38.436	41.431	43.767	48.246	51.715	54.489	60.252	65.132	71.383	75.837	82.882	92.778	100.173	106.01	111.618	117.339	130.625	133.727	135.516	139.764	150.857	162.176	176.698	192.673	202.357	206.732	221.093	237.08	247.198	262.183	275.319	285.26	300.582	316.12	332.835	350.218	367.832	386.375	406.079	2016
3529	PPPGDP	ITA	594.543	655.545	699.098	735.19	785.84	833.68	874.811	925.776	998.372	1,072.34	1,134.83	1,190.58	1,227.14	1,245.17	1,299.04	1,356.58	1,399.11	1,449.18	1,488.58	1,534.94	1,628.11	1,694.72	1,725.01	1,762.07	1,839.17	1,916.37	2,014.89	2,098.99	2,117.69	2,016.79	2,075.86	2,130.93	2,109.01	2,106.03	2,146.18	2,186.26	2,234.50	2,303.11	2,373.85	2,445.33	2,514.60	2,587.34	2,663.62	2016
3573	PPPGDP	JAM	6.101	6.965	7.625	8.255	8.629	8.825	9.633	10.64	10.573	11.5	12.507	13.031	13.698	14.334	14.914	15.609	15.931	15.938	15.916	16.318	16.819	17.422	17.809	18.83	19.604	20.416	21.653	22.551	22.805	22.194	22.139	22.917	23.218	23.639	24.19	24.684	25.394	26.474	27.717	29.075	30.485	31.973	33.552	2015
3617	PPPGDP	JPN	1,027.02	1,169.82	1,284.35	1,375.91	1,488.34	1,633.24	1,713.34	1,829.24	2,028.58	2,220.64	2,431.09	2,595.52	2,676.43	2,744.79	2,827.42	2,965.54	3,113.27	3,200.66	3,198.87	3,239.64	3,405.45	3,497.21	3,555.09	3,681.39	3,866.03	4,056.76	4,240.79	4,425.65	4,463.13	4,253.41	4,485.87	4,573.19	4,727.06	4,899.49	5,003.95	5,118.68	5,237.79	5,420.23	5,574.05	5,744.53	5,872.68	6,035.99	6,200.87	2016
3661	PPPGDP	JOR	8.247	10.567	12.011	12.209	13.184	13.238	14.248	14.951	15.701	14.561	15.057	15.81	18.491	19.78	21.207	22.989	23.894	25.111	26.148	27.446	29.264	31.508	33.843	35.96	40.111	44.77	49.881	55.395	60.566	64.368	66.661	69.797	72.967	76.243	80.011	82.799	85.649	89.555	93.848	98.497	103.397	108.656	114.244	2015
3705	PPPGDP	KAZ	n/a	n/a	n/a	n/a	n/a	n/a	n/a	n/a	n/a	n/a	n/a	n/a	122.685	114.048	101.823	95.423	97.651	101.011	100.167	104.446	117.291	136.159	151.798	169.224	190.569	215.78	246.209	275.256	289.917	295.624	321.08	352.286	376.715	405.766	430.792	440.651	451.282	472.563	499.595	524.925	552.701	585.622	625.413	2015
3749	PPPGDP	KEN	16.032	18.248	20.36	21.5	22.62	24.294	26.514	28.771	31.592	34.315	37.055	38.802	39.258	40.153	42.046	44.763	47.471	48.482	50.47	52.369	53.746	57.158	58.315	61.232	65.832	71.799	78.338	85.932	87.821	91.414	100.306	108.633	115.674	124.234	133.201	142.24	152.763	164.34	177.684	192.776	209.491	227.579	247.353	2015
3793	PPPGDP	KIR	0.058	0.062	0.07	0.072	0.078	0.076	0.076	0.071	0.08	0.081	0.082	0.085	0.088	0.091	0.095	0.097	0.1	0.104	0.112	0.112	0.121	0.122	0.129	0.134	0.135	0.147	0.149	0.156	0.156	0.158	0.157	0.161	0.173	0.186	0.193	0.202	0.212	0.222	0.232	0.241	0.25	0.259	0.269	2014
3837	PPPGDP	KOR	83.261	97.572	112.191	132.062	151.029	167.941	190.557	219.784	254.558	283.047	322.314	367.525	399.118	436.589	486.93	544.659	596.719	642.88	614.301	694.234	773.396	826.818	901.907	946.873	1,020.58	1,094.75	1,186.80	1,284.94	1,347.21	1,367.05	1,473.65	1,559.45	1,624.58	1,698.63	1,786.82	1,856.43	1,934.03	2,029.71	2,133.96	2,246.80	2,361.99	2,484.04	2,613.50	2016
3881	PPPGDP	UVK	n/a	n/a	n/a	n/a	n/a	n/a	n/a	n/a	n/a	n/a	n/a	n/a	n/a	n/a	n/a	n/a	n/a	n/a	n/a	n/a	7.615	8.187	8.254	8.875	9.359	10.031	10.691	11.887	12.664	13.219	13.823	14.726	15.419	16.207	16.699	17.57	18.442	19.509	20.672	21.883	23.173	24.588	26.104	2015
3925	PPPGDP	KWT	45.323	40.178	38.616	42.249	46.04	45.491	50.383	55.876	52.02	68.037	52.048	31.727	59.321	82.069	91.037	94.487	96.786	100.898	105.72	105.418	112.874	115.688	121.005	144.814	164.81	187.252	207.521	225.808	235.947	220.916	218.314	247.177	271.518	276.909	283.618	292.559	303.693	309.64	327.651	347.271	366.417	385.595	404.9	2015
3969	PPPGDP	KGZ	n/a	n/a	n/a	n/a	n/a	n/a	n/a	n/a	n/a	n/a	n/a	n/a	8.07	7.187	5.886	5.683	6.197	6.928	7.152	7.527	8.117	8.744	8.877	9.69	10.656	10.98	11.668	13.002	14.26	14.783	14.893	16.106	16.388	18.471	19.558	20.454	21.504	22.737	24.127	25.941	27.775	29.612	31.858	2015
4013	PPPGDP	LAO	1.688	2.129	2.367	2.535	2.794	3.146	3.364	3.417	3.462	3.953	4.373	4.699	5.143	5.574	6.157	6.729	7.324	7.964	8.403	8.884	9.661	10.338	11.217	12.151	13.362	14.725	16.49	18.256	20.063	21.732	23.786	26.229	28.822	31.621	34.756	37.747	40.898	44.639	48.711	53.253	58.079	63.408	69.086	2016
4057	PPPGDP	LVA	n/a	n/a	n/a	n/a	n/a	n/a	n/a	n/a	n/a	n/a	n/a	n/a	15.986	14.501	15.135	15.129	15.768	17.477	18.819	19.608	21.138	23.017	25.03	27.681	30.813	35.207	40.603	45.831	45.044	38.881	37.864	41.112	43.547	45.412	47.205	49.007	50.622	53.268	56.254	59.547	63.006	66.763	70.882	2016
4101	PPPGDP	LBN	15.48	17.018	11.425	14.573	21.802	27.967	26.598	31.84	23.659	14.208	12.756	18.215	19.468	21.326	23.529	25.579	27.098	30.37	31.897	32.126	33.218	35.3	37.061	38.443	41.497	43.988	46.065	51.737	57.552	63.962	69.923	72.008	75.388	78.521	81.525	83.226	85.164	88.786	93.043	97.936	102.909	108.143	113.705	2013
4145	PPPGDP	LSO	0.673	0.759	0.851	0.911	0.984	1.049	1.113	1.166	1.3	1.426	1.555	1.683	1.829	1.945	2.075	2.178	2.327	2.449	2.51	2.589	2.778	2.934	3.026	3.212	3.38	3.597	3.871	4.173	4.472	4.71	5.095	5.435	5.828	6.134	6.459	6.693	6.976	7.287	7.625	8.065	8.537	9.074	9.64	2015
4189	PPPGDP	LBR	n/a	n/a	n/a	n/a	n/a	n/a	n/a	n/a	n/a	n/a	n/a	n/a	n/a	n/a	n/a	n/a	n/a	n/a	n/a	n/a	1.802	1.896	2.008	1.471	1.57	1.713	1.911	2.211	2.389	2.53	2.717	2.979	3.284	3.626	3.716	3.757	3.762	3.96	4.265	4.608	4.984	5.42	5.913	2014
4233	PPPGDP	LBY	94.971	83.029	89.519	88.671	84.191	87.413	79.052	69.15	76.995	85.748	92.228	110.216	109.672	108.055	112.49	100.6	105.133	106.284	107.032	109.172	115.767	116.317	116.97	134.831	144.719	167.107	183.438	200.284	209.657	204.628	212.284	77.597	163.209	114.819	61.074	57.222	55.409	87.067	91.653	96.335	101.167	106.34	111.933	2015
4277	PPPGDP	LTU	n/a	n/a	n/a	n/a	n/a	n/a	n/a	n/a	n/a	n/a	n/a	n/a	n/a	n/a	n/a	24.626	26.389	29.067	31.576	31.696	33.659	36.672	39.753	44.818	49.067	54.559	60.401	68.883	72.08	61.868	63.651	68.895	72.855	76.627	80.725	83.045	86.051	90.387	95.248	100.429	105.69	111.192	116.946	2016
4321	PPPGDP	LUX	5.661	6.239	6.695	7.091	7.69	8.38	9.402	10.023	11.252	12.835	14.018	15.737	16.388	17.483	18.537	19.195	19.842	21.38	23.015	25.334	28.098	29.357	30.887	31.943	34.269	36.51	39.554	44.016	44.502	42.428	45.427	47.298	48.172	51.006	54.363	56.889	59.932	63.549	67.265	71.014	74.682	78.547	82.548	2015
4365	PPPGDP	MAC	n/a	n/a	n/a	n/a	n/a	n/a	n/a	n/a	n/a	n/a	n/a	n/a	n/a	n/a	n/a	n/a	n/a	n/a	n/a	n/a	n/a	15.074	16.674	18.989	24.731	27.585	32.217	37.853	39.906	40.74	51.656	64.148	71.365	80.639	81.097	64.315	62.569	65.732	68.329	71.346	74.807	79.03	83.779	2015
4409	PPPGDP	MKD	n/a	n/a	n/a	n/a	n/a	n/a	n/a	n/a	n/a	n/a	n/a	n/a	11.907	11.276	11.309	11.418	11.766	12.129	12.675	13.429	14.357	14.234	14.669	15.294	16.449	17.78	19.268	21.061	22.649	22.739	23.79	24.85	25.192	26.347	27.793	29.171	30.265	31.924	33.748	35.73	37.836	40.069	42.457	2016
4453	PPPGDP	MDG	7.827	7.719	8.042	8.435	8.888	9.278	9.651	10.014	10.717	11.588	12.392	11.997	12.416	12.978	13.249	13.752	14.305	15.087	15.848	16.847	17.998	19.509	17.351	19.428	21.012	22.719	24.682	26.965	29.475	28.296	28.717	29.736	31.2	32.419	34.094	35.535	37.492	40.055	42.922	46.053	49.308	52.817	56.612	2015
4497	PPPGDP	MWI	2.415	2.502	2.724	2.936	3.203	3.457	3.519	3.668	3.917	4.124	4.52	5.078	4.813	5.405	4.95	5.753	6.442	6.984	7.135	7.5	7.731	7.585	7.837	8.449	9.152	9.755	10.527	11.845	13	14.189	15.35	16.428	17.046	18.222	19.605	20.401	21.138	22.577	24.237	26.131	28.124	30.272	32.601	2015
4541	PPPGDP	MYS	45.825	53.582	60.287	66.584	74.299	76.005	78.431	84.767	96.453	109.282	123.531	139.829	155.726	175.207	195.419	219.104	245.418	267.91	250.888	270.345	300.471	308.909	330.561	356.668	391.333	424.023	461.459	503.578	538.268	534.146	581.373	624.786	671.123	713.97	770.451	817.425	863.282	922.057	987.003	1,058.08	1,132.09	1,210.47	1,294.96	2016
4585	PPPGDP	MDV	0.171	0.202	0.23	0.25	0.304	0.357	0.395	0.441	0.497	0.564	0.561	0.62	0.675	0.728	0.8	0.877	0.974	1.093	1.213	1.321	1.416	1.498	1.614	2.064	2.399	2.275	2.812	3.18	3.654	3.485	3.781	4.195	4.379	4.659	5.026	5.225	5.501	5.853	6.265	6.708	7.17	7.662	8.192	2015
4629	PPPGDP	MLI	3.94	4.112	3.863	4.145	4.396	4.683	5.069	5.328	5.517	6.344	7.192	8.002	8.056	8.542	9.055	9.521	10.401	11.086	11.534	12.442	12.718	15.007	15.711	17.486	18.247	20.065	21.645	22.998	24.568	25.913	27.65	29.135	29.423	30.587	33.328	35.695	38.107	40.974	43.872	46.942	50.139	53.559	57.243	2015
4673	PPPGDP	MLT	1.923	2.16	2.296	2.449	2.556	2.701	2.86	3.1	3.427	3.813	4.139	4.529	5.006	5.327	5.691	6.209	6.575	7.012	7.329	7.722	7.82	8.049	8.41	8.792	9.078	9.728	10.214	10.9	11.482	11.287	11.83	12.243	12.811	13.583	14.974	16.26	17.304	18.404	19.473	20.539	21.602	22.708	23.884	2016
4717	PPPGDP	MHL	n/a	n/a	n/a	n/a	n/a	n/a	n/a	n/a	n/a	n/a	n/a	n/a	n/a	n/a	n/a	n/a	n/a	0.091	0.09	0.097	0.105	0.11	0.112	0.114	0.121	0.126	0.135	0.136	0.136	0.146	0.151	0.159	0.166	0.167	0.171	0.175	0.181	0.188	0.196	0.203	0.21	0.217	0.224	2015
4761	PPPGDP	MRT	n/a	n/a	n/a	n/a	n/a	n/a	n/a	n/a	n/a	n/a	3.752	3.877	4.036	4.375	4.331	4.856	5.232	5.106	5.305	5.802	5.908	6.164	6.3	6.81	7.4	8.323	10.197	10.764	11.093	11.061	11.731	12.536	13.507	14.561	15.648	15.962	16.418	17.421	18.296	19.559	20.988	22.378	23.757	2014
4805	PPPGDP	MUS	1.879	2.176	2.438	2.544	2.76	3.044	3.408	3.85	4.255	4.618	5.133	5.539	6.035	6.492	6.905	7.351	7.903	8.496	9.109	9.49	10.501	11.086	11.439	12.365	13.252	13.877	14.949	16.251	17.483	18.152	19.128	20.282	21.321	22.356	23.581	24.669	25.893	27.507	29.252	31.127	33.063	35.111	37.305	2016
4849	PPPGDP	MEX	390.421	463.269	489.45	491.033	525.802	554.499	548.261	571.939	599.556	648.443	707.23	761.57	806.515	844.278	903.009	868.755	936.58	1,018.95	1,078.43	1,124.14	1,210.61	1,230.70	1,251.24	1,294.35	1,387.07	1,475.12	1,596.49	1,690.57	1,747.87	1,678.36	1,785.68	1,896.26	2,008.79	2,068.99	2,153.74	2,234.15	2,315.65	2,406.20	2,508.19	2,632.68	2,757.81	2,890.84	3,030.89	2016
4893	PPPGDP	FSM	n/a	n/a	n/a	n/a	n/a	n/a	n/a	n/a	n/a	n/a	n/a	n/a	n/a	n/a	n/a	0.219	0.216	0.206	0.214	0.221	0.237	0.247	0.253	0.262	0.261	0.274	0.282	0.284	0.284	0.289	0.302	0.312	0.312	0.307	0.305	0.32	0.331	0.345	0.358	0.369	0.379	0.389	0.4	2015
4937	PPPGDP	MDA	n/a	n/a	n/a	n/a	n/a	n/a	n/a	n/a	n/a	n/a	n/a	n/a	9.712	9.823	6.932	6.976	6.686	6.912	6.53	6.407	6.691	7.263	7.951	8.647	9.539	10.584	11.431	12.087	13.29	12.589	13.647	14.878	15.041	16.72	17.836	17.955	18.919	20.207	21.424	22.726	24.065	25.51	27.057	2015
4981	PPPGDP	MNG	2.93	3.471	3.994	4.392	4.817	5.253	5.864	6.227	6.777	7.335	7.417	6.959	6.459	6.403	6.679	7.253	7.55	7.979	8.334	8.722	9.022	9.656	10.321	11.301	12.706	13.969	15.573	17.387	19.115	18.861	20.488	24.526	28.055	31.829	34.954	36.163	36.996	37.731	39.278	43.381	46.619	50.47	55.913	2016
5025	PPPGDP	MNE	n/a	n/a	n/a	n/a	n/a	n/a	n/a	n/a	n/a	n/a	n/a	n/a	n/a	n/a	n/a	n/a	n/a	n/a	n/a	n/a	4.764	4.927	5.097	5.329	5.716	6.148	6.882	7.821	8.525	8.1	8.401	8.851	8.768	9.226	9.559	9.991	10.361	10.934	11.555	12.13	12.675	13.319	14.019	2015
5069	PPPGDP	MAR	28.898	30.723	35.767	36.972	39.945	43.83	48.425	48.397	55.308	58.819	63.455	70.298	70.393	71.534	80.791	78.018	89.271	89.383	96.893	99.439	103.647	113.769	119.122	128.74	138.625	147.795	163.875	174.178	188.114	197.586	207.632	223.035	233.98	248.542	259.446	274.06	281.793	300.556	319.371	339.896	361.909	385.682	412.088	2015
5113	PPPGDP	MOZ	2.089	2.399	2.372	2.078	2.012	2.097	2.09	2.459	2.754	3.047	3.191	3.513	3.405	3.792	4.111	4.291	5.542	6.248	7.065	7.734	8.043	9.273	10.243	11.126	12.325	13.831	15.661	17.271	18.821	20.168	21.78	23.812	25.996	28.302	30.954	33.354	34.942	37.321	40.255	43.606	47.378	51.479	60.372	2016
5157	PPPGDP	MMR	n/a	n/a	n/a	n/a	n/a	n/a	n/a	n/a	n/a	n/a	n/a	n/a	n/a	n/a	n/a	n/a	n/a	39.673	42.419	47.782	55.586	63.303	72.004	83.606	97.558	114.361	133.288	153.243	161.874	171.493	182.866	197.077	215.424	237.348	260.904	282.946	304.734	334.856	368.385	404.605	443.805	486.923	534.566	2016
5201	PPPGDP	NAM	n/a	n/a	n/a	n/a	n/a	n/a	n/a	n/a	n/a	n/a	5.549	6.04	6.751	6.799	7.153	7.602	7.988	8.468	8.841	9.279	9.822	10.286	11.142	11.759	12.884	13.919	14.913	15.868	16.608	16.784	18.015	19.323	20.675	22.197	24.054	25.6	25.962	27.451	29.426	31.349	33.223	35.151	37.207	2015
5245	PPPGDP	NRU	n/a	n/a	n/a	n/a	n/a	n/a	n/a	n/a	n/a	n/a	n/a	n/a	n/a	n/a	n/a	n/a	n/a	n/a	n/a	n/a	n/a	n/a	n/a	n/a	0.035	0.036	0.04	0.031	0.043	0.047	0.054	0.061	0.068	0.093	0.13	0.135	0.151	0.16	0.157	0.161	0.167	0.173	0.181	2015
5289	PPPGDP	NPL	6.021	7.132	7.861	7.928	9.004	9.863	10.522	10.973	12.232	13.257	14.385	15.81	16.835	17.898	19.782	20.895	22.412	23.994	24.969	26.487	28.747	31.057	31.571	33.471	36.002	38.453	40.968	43.493	47.054	49.56	52.582	55.504	59.229	62.67	67.613	70.203	71.525	77.147	82.444	87.472	92.62	98.122	104.009	2016
5333	PPPGDP	NLD	164.76	179.218	187.896	198.746	212.219	224.828	236.529	247.054	267.429	290.111	313.424	331.758	345.112	357.759	376.19	393.883	415.358	440.625	465.59	496.578	529.436	553.024	562.09	574.931	602.723	635.528	678.114	721.885	748.62	725.847	745.008	773.037	778.958	790.045	815.618	840.474	869.365	907.619	945.012	982.468	1,019.14	1,056.99	1,096.67	2016
5377	PPPGDP	NZL	27.586	31.055	33.931	35.226	38.978	40.713	42.286	44.422	46.232	48.741	51.083	51.638	53.266	57.191	62.295	66.364	70.134	73.469	74.834	79.345	84.461	88.314	94.237	100.502	107.801	114.109	120.856	128.985	130.972	132.439	136.714	142.163	148.455	154.023	161.237	168.055	177.001	186.476	196.255	205.701	215.225	225.197	235.678	2016
5421	PPPGDP	NIC	6.062	6.983	7.356	7.999	8.154	8.071	8.15	8.299	7.524	7.685	7.958	8.21	8.431	8.597	9.219	9.968	10.794	11.414	11.966	13.004	13.845	14.58	14.916	15.597	16.877	18.166	19.501	21.079	22.105	21.659	22.623	24.529	26.377	28.018	29.822	31.628	33.55	35.835	38.212	40.808	43.504	46.383	49.478	2015
5465	PPPGDP	NER	3.095	3.378	3.666	3.663	3.155	3.508	3.806	3.906	4.321	4.532	4.638	4.912	4.696	4.878	5.181	4.939	5.285	5.402	6.155	6.312	6.288	6.949	7.432	8.115	8.27	9.254	10.092	10.689	11.95	11.955	13.113	13.679	15.582	16.668	18.162	19.009	20.144	21.655	23.363	25.171	27.663	30.031	32.725	2015
5509	PPPGDP	NGA	n/a	n/a	n/a	n/a	n/a	n/a	n/a	n/a	n/a	n/a	183.718	188.785	197.324	205.188	210.093	218.49	231.492	242.251	250.991	256.162	276.448	301.599	350.952	391.964	444.798	491.284	540.439	595.422	650.809	710.529	800.185	856.619	909.731	974.29	1,054.31	1,093.92	1,091.23	1,124.63	1,171.57	1,219.65	1,266.68	1,315.68	1,367.36	2016
5553	PPPGDP	NOR	61.278	68.071	72.464	78.317	86.005	93.686	99.438	103.764	107.122	112.443	118.855	126.6	134.115	141.212	151.508	161.093	172.28	184.49	191.387	198.228	209.236	218.468	225.011	231.608	247.399	262.061	276.583	292.261	299.14	296.521	301.95	311.169	325.612	334.175	346.685	356.06	364.439	377.1	393.007	410.054	427.204	445.204	464.265	2016
5597	PPPGDP	OMN	11.808	15.117	17.902	21.576	25.448	30.077	31.341	30.858	33.614	35.962	40.417	44.286	49.142	53.403	56.636	60.611	63.5	68.577	71.196	72.525	79.033	84.458	84.811	84.196	87.628	92.699	100.681	107.962	119.107	127.347	135.094	136.357	151.827	161.026	168.075	176.98	184.788	189.582	201.251	209.667	217.836	227.074	236.908	2015
5641	PPPGDP	PAK	71.808	83.387	95.257	105.739	113.842	127.716	138.581	150.376	165.657	180.374	195.628	212.503	233.799	244.381	260.486	279.379	303.251	313.695	328.178	347.135	368.908	384.738	402.801	430.247	475.158	534.381	582.849	631.487	675.991	683.582	709.789	750.693	793.854	836.385	885.869	931.558	988.239	1,060.57	1,140.70	1,235.66	1,332.44	1,439.64	1,556.30	2016
5685	PPPGDP	PLW	n/a	n/a	n/a	n/a	n/a	n/a	n/a	n/a	n/a	n/a	n/a	n/a	n/a	n/a	n/a	n/a	n/a	n/a	n/a	n/a	0.175	0.185	0.2	0.191	0.211	0.22	0.22	0.226	0.217	0.198	0.207	0.223	0.235	0.233	0.247	0.273	0.277	0.297	0.319	0.339	0.356	0.371	0.386	2015
5729	PPPGDP	PAN	7.021	8.383	9.379	9.312	9.903	10.725	11.332	11.411	10.23	10.794	12.1	13.68	15.14	16.345	17.169	17.834	19.498	21.117	22.911	24.165	25.39	26.116	27.112	28.82	31.836	35.22	39.402	45.349	50.22	51.41	55.04	62.809	69.87	75.702	81.722	87.373	92.948	100.512	109.03	118.441	128.201	138.645	150.022	2015
5773	PPPGDP	PNG	3.095	3.423	3.666	3.942	4.041	4.32	4.656	4.907	5.226	5.352	5.384	6.094	7.095	8.586	9.291	9.158	9.94	9.469	10.02	10.362	10.337	10.568	10.946	11.654	12.043	12.918	13.621	15.203	16.053	16.649	18.811	19.911	21.522	22.905	25.029	26.973	28.013	29.481	31.113	32.862	34.655	36.558	38.596	2013
5817	PPPGDP	PRY	8.053	9.612	10.066	10.145	10.801	11.578	11.843	12.64	13.851	15.227	16.441	17.581	18.287	19.646	21.131	23.044	23.833	25.27	25.562	25.598	25.575	25.939	26.332	28.018	29.956	31.579	34.115	36.921	40.039	38.743	44.351	47.233	47.507	55.05	58.682	61.07	64.405	68.005	72.111	76.389	80.843	85.613	90.676	2015
5861	PPPGDP	PER	53.8	62.035	65.671	61.895	66.527	70.09	80.16	88.567	83.031	74.682	73.502	77.634	78.974	85.095	97.601	107.021	112.024	121.323	122.159	125.881	132.216	136.063	145.687	154.782	166.925	183.123	202.96	226.109	251.624	256.195	281.242	305.565	329.711	354.532	369.505	385.895	406.206	429.711	455.663	483.528	511.577	540.212	570.753	2015
5905	PPPGDP	PHL	90.284	102.094	112.353	118.977	114.177	109.221	115.23	123.266	136.196	150.272	160.563	164.948	169.278	176.972	188.669	201.615	217.296	232.477	233.645	244.531	261.127	274.808	289.199	309.627	339.449	367.11	398.229	435.876	462.883	471.754	513.963	543.771	590.802	642.751	694.932	743.898	805.227	878.98	960.658	1,050.60	1,146.99	1,252.31	1,368.06	2016
5949	PPPGDP	POL	169.037	166.339	168.098	184.518	190.367	204.046	215.434	226.017	241.614	260.578	250.84	241.031	251.538	268.563	288.648	314.492	340.212	370.558	393.24	417.321	444.998	460.625	474.448	501.147	541.373	578.611	633.322	696.998	738.532	763.742	801.669	859.264	889.152	916.078	963.089	1,011.81	1,054.13	1,114.11	1,175.86	1,237.61	1,299.49	1,362.48	1,428.52	2016
5993	PPPGDP	PRT	58.724	66.469	72.12	75.695	77.565	81.357	85.753	94.653	103.198	114.339	127.887	136.597	144.084	146.498	151.844	158.587	167.128	177.514	188.038	198.339	210.535	219.518	224.601	226.94	237.405	246.922	258.462	271.951	277.839	271.611	280.15	280.71	274.365	275.644	283.086	290.696	298.736	310.651	322.222	333.11	343.431	353.751	364.686	2016
6037	PPPGDP	PRI	23.792	26.291	27.071	28.272	31.417	33.091	36.514	39.287	43.309	47.216	50.813	53.714	57.446	61.545	65.486	69.892	72.814	77.675	83.636	88.663	93.648	104.85	108.771	113.537	118.977	120.364	122.314	124.109	124.21	122.71	123.696	125.797	128.151	129.821	130.299	131.64	130.971	129.848	129.435	130.69	131.856	132.901	134.798	2015
6081	PPPGDP	QAT	17.631	18.527	18.061	17.773	21.346	19.159	20.269	20.974	22.728	24.864	22.007	22.362	25.463	25.724	26.644	27.852	29.601	39.144	44.007	46.595	51.481	54.707	59.536	62.982	77.152	85.601	111.321	134.838	161.767	182.484	218.206	252.498	269.203	285.614	302.296	316.398	329.161	347.887	365.781	382.445	398.11	412.835	428.315	2014
6125	PPPGDP	ROU	107.565	117.727	129.907	143.137	157.11	161.976	169.207	174.914	180.132	176.282	172.543	155.239	144.859	150.571	159.822	174.801	185.019	176.796	170.105	170.722	179.706	194.08	207.275	223.087	248.381	267.068	297.449	326.324	360.87	337.915	339.312	349.975	358.706	377.372	395.945	415.965	441.601	470.312	497.19	524.866	553.122	582.951	614.718	2016
6169	PPPGDP	RUS	n/a	n/a	n/a	n/a	n/a	n/a	n/a	n/a	n/a	n/a	n/a	n/a	1,703.04	1,591.86	1,419.27	1,389.47	1,363.78	1,406.29	1,345.57	1,452.93	1,635.28	1,757.68	1,869.33	2,046.72	2,253.91	2,474.76	2,758.78	3,073.92	3,298.70	3,063.80	3,240.91	3,441.69	3,628.40	3,734.17	3,828.32	3,759.69	3,799.70	3,938.00	4,084.30	4,236.50	4,386.78	4,542.77	4,706.85	2016
6213	PPPGDP	RWA	2.108	2.362	2.447	2.697	3.155	3.398	3.658	3.74	3.882	3.803	3.96	3.916	4.27	3.918	2.325	2.956	3.359	3.926	4.299	4.509	4.997	5.546	6.373	6.644	7.335	8.282	9.323	10.301	11.675	12.5	13.579	14.945	16.562	17.617	19.299	21.237	22.793	24.717	26.989	29.594	32.456	35.59	39.048	2016
6257	PPPGDP	WSM	0.21	0.209	0.22	0.23	0.242	0.265	0.283	0.292	0.311	0.341	0.331	0.334	0.356	0.37	0.402	0.438	0.478	0.49	0.501	0.505	0.543	0.596	0.64	0.687	0.727	0.801	0.843	0.869	0.918	0.869	0.862	0.929	0.95	0.947	0.975	1.002	1.082	1.129	1.165	1.212	1.262	1.315	1.371	2016
6301	PPPGDP	SMR	n/a	n/a	n/a	n/a	n/a	n/a	n/a	n/a	n/a	n/a	n/a	n/a	n/a	n/a	n/a	n/a	n/a	1.308	1.422	1.573	1.645	1.775	1.808	1.916	2.059	2.176	2.329	2.561	2.654	2.333	2.251	2.08	1.959	1.931	1.947	1.978	2.024	2.093	2.168	2.243	2.318	2.396	2.478	2015
6345	PPPGDP	STP	0.123	0.121	0.132	0.132	0.128	0.145	0.139	0.138	0.146	0.157	0.159	0.166	0.171	0.177	0.185	0.192	0.199	0.204	0.212	0.22	0.226	0.239	0.248	0.27	0.288	0.318	0.358	0.369	0.407	0.426	0.451	0.482	0.513	0.544	0.576	0.605	0.638	0.685	0.738	0.796	0.857	0.922	0.993	2013
6389	PPPGDP	SAU	360.34	401.642	338.136	295.065	291.295	271.172	323.704	309.948	362.852	375.066	448.031	532.422	566.274	571.84	587.274	600.793	627.893	645.692	671.584	656.201	708.886	716.263	706.756	801.887	889.511	969.304	1,026.95	1,073.75	1,163.23	1,147.93	1,217.29	1,370.24	1,471.00	1,534.71	1,619.66	1,704.31	1,750.86	1,796.21	1,860.54	1,939.20	2,005.78	2,085.96	2,174.14	2016
6433	PPPGDP	SEN	4.63	5.319	6.092	5.995	6.441	6.865	7.221	7.857	8.084	8.732	8.994	9.531	9.869	10.236	10.452	11.242	11.677	12.248	13.112	14.157	14.942	15.983	16.335	17.774	19.335	21.077	22.261	23.982	25.353	26.165	27.614	28.707	30.55	32.16	34.155	36.762	39.694	43.326	47.399	51.861	56.661	61.918	67.28	2016
6477	PPPGDP	SRB	n/a	n/a	n/a	n/a	n/a	n/a	n/a	n/a	n/a	n/a	n/a	n/a	n/a	n/a	n/a	n/a	n/a	n/a	n/a	n/a	46.341	49.764	54.123	57.64	64.582	70.353	76.072	82.695	88.842	86.727	88.3	91.386	92.124	96.019	95.949	97.716	101.752	107.131	113.362	119.904	127.215	134.984	143.304	2015
6521	PPPGDP	SYC	0.285	0.299	0.311	0.322	0.347	0.395	0.406	0.437	0.477	0.546	0.608	0.646	0.708	0.778	0.775	0.795	0.891	1.016	1.053	1.089	1.161	1.16	1.193	1.145	1.143	1.286	1.45	1.643	1.64	1.634	1.752	1.885	1.99	2.124	2.296	2.454	2.596	2.761	2.919	3.082	3.249	3.425	3.613	2014
6565	PPPGDP	SLE	2.892	3.221	3.482	3.562	3.751	3.61	3.688	3.872	4.09	4.46	4.699	4.467	4.129	4.229	4.47	4.106	3.145	2.636	2.642	2.465	2.617	3.162	4.06	4.527	4.958	5.348	5.745	6.373	6.849	7.121	7.594	8.24	9.665	11.856	12.619	10.127	10.764	11.551	12.593	13.693	15.031	16.489	18.067	2015
6609	PPPGDP	SGP	21.367	25.858	29.432	33.207	37.412	38.343	39.636	45.02	51.775	59.266	67.631	74.555	81.659	93.247	105.636	115.419	126.377	139.198	137.578	148.197	165.055	167.209	176.926	188.458	212.131	235.354	264.08	295.809	307.003	307.468	358.656	388.845	411.339	438.886	462.703	476.719	492.631	514.837	539.809	565.736	591.874	619.84	649.477	2016
6653	PPPGDP	SVK	n/a	n/a	n/a	n/a	n/a	n/a	n/a	n/a	n/a	n/a	n/a	n/a	n/a	43.568	47.257	52.04	56.668	60.2	63.295	64.132	66.384	70.149	74.448	80.046	86.573	95.391	106.633	121.293	130.635	124.489	132.363	138.904	143.807	148.307	154.844	162.506	170.052	179.527	190.337	202.098	213.39	225.115	237.611	2015
6697	PPPGDP	SVN	n/a	n/a	n/a	n/a	n/a	n/a	n/a	n/a	n/a	n/a	n/a	n/a	22.161	23.324	25.082	26.655	28.12	30.064	31.388	33.55	35.739	37.632	39.675	41.616	44.621	47.901	52.165	57.271	60.321	56.04	57.427	58.993	58.464	58.762	61.672	63.78	66.229	69.358	72.299	75.341	78.229	81.226	84.378	2015
6741	PPPGDP	SLB	0.176	0.189	0.198	0.213	0.221	0.221	0.225	0.251	0.263	0.284	0.301	0.33	0.38	0.405	0.447	0.503	0.52	0.524	0.537	0.542	0.475	0.448	0.442	0.48	0.533	0.621	0.665	0.727	0.794	0.762	0.824	0.95	1.013	1.06	1.1	1.132	1.185	1.247	1.313	1.382	1.452	1.528	1.609	2014
6785	PPPGDP	ZAF	134.666	155.133	164.127	167.455	182.24	185.793	189.573	198.495	214.073	227.723	235.395	240.754	240.98	249.756	263.321	277.188	294.403	307.369	312.312	324.569	345.745	363.298	382.405	401.532	431.365	468.739	510.216	551.87	580.652	576.062	600.826	633.368	659.312	686.636	710.809	727.788	739.42	761.926	791.202	826.33	861.548	898.34	937.41	2016
6829	PPPGDP	SSD	n/a	n/a	n/a	n/a	n/a	n/a	n/a	n/a	n/a	n/a	n/a	n/a	n/a	n/a	n/a	n/a	n/a	n/a	n/a	n/a	n/a	n/a	n/a	n/a	n/a	n/a	n/a	n/a	n/a	n/a	n/a	35.254	17.079	22.446	23.514	23.726	20.713	20.423	20.654	21.924	23.936	25.162	26.693	2014
6873	PPPGDP	ESP	296.856	323.251	347.559	367.248	386.739	408.542	431.081	467.323	509.242	555.517	598.223	633.746	653.707	660.467	690.271	733.714	765.195	808.381	853.669	907.863	975.436	1,037.62	1,083.89	1,140.72	1,209.25	1,294.55	1,390.07	1,480.85	1,526.75	1,483.34	1,501.73	1,517.37	1,500.01	1,498.26	1,546.12	1,612.81	1,686.89	1,768.82	1,845.84	1,924.90	2,001.22	2,077.08	2,154.30	2016
6917	PPPGDP	LKA	16.576	19.092	21.338	22.915	25.324	27.43	29.181	30.361	32.271	34.281	37.743	43.22	42.819	47.115	51.985	56.28	64.277	72.106	71.688	74.881	83.032	83.27	87.699	94.761	102.668	112.586	124.944	136.987	147.985	154.386	168.799	186.763	207.597	218.113	232.849	246.618	260.593	278.415	298.31	319.791	342.879	368.016	395.583	2015
6961	PPPGDP	KNA	0.141	0.158	0.178	0.181	0.206	0.226	0.251	0.279	0.318	0.351	0.384	0.405	0.427	0.461	0.496	0.524	0.565	0.617	0.63	0.665	0.764	0.826	0.855	0.825	0.872	0.974	1.01	1.052	1.136	1.134	1.115	1.128	1.14	1.234	1.321	1.4	1.459	1.544	1.633	1.718	1.805	1.894	1.985	2014
7005	PPPGDP	LCA	0.247	0.283	0.307	0.332	0.372	0.432	0.507	0.542	0.641	0.727	0.812	0.842	0.931	0.956	0.992	1.03	1.079	1.088	1.17	1.22	1.245	1.225	1.248	1.332	1.474	1.514	1.666	1.728	1.835	1.842	1.833	1.876	1.882	1.914	1.955	2.013	2.055	2.11	2.19	2.271	2.352	2.435	2.523	2016
7049	PPPGDP	VCT	0.167	0.189	0.206	0.221	0.241	0.259	0.279	0.288	0.337	0.362	0.393	0.415	0.455	0.483	0.487	0.531	0.546	0.577	0.609	0.631	0.657	0.683	0.736	0.806	0.867	0.922	1.007	1.066	1.081	1.067	1.055	1.079	1.114	1.16	1.183	1.203	1.241	1.299	1.366	1.437	1.51	1.587	1.665	2016
7093	PPPGDP	SDN	17.924	20.836	23.042	23.59	23.053	23.642	26.514	28.948	31.268	32.945	33.583	38.139	37.464	40.723	42.433	44.623	48.31	54.207	57.256	60.903	67.598	74.65	80.144	88.473	96.914	100.459	112.777	125.613	131.975	139.202	144.443	145.683	143.884	153.831	159.099	168.657	176.086	186.715	197.825	209.412	221.305	233.821	247.143	2010
7137	PPPGDP	SUR	2.083	2.321	2.31	2.278	2.288	2.34	2.33	2.179	2.499	2.656	2.713	2.417	2.568	2.571	2.442	2.775	3.142	3.419	3.533	3.554	3.632	3.896	4.105	4.446	4.901	5.308	5.787	6.244	6.63	6.882	7.326	7.914	8.277	8.658	8.845	8.698	7.887	7.961	8.204	8.553	8.956	9.411	9.895	2015
7181	PPPGDP	SWZ	0.9	1.128	1.212	1.275	1.402	1.501	1.72	2.021	2.229	2.615	2.953	3.119	3.285	3.446	3.619	3.844	4.058	4.253	4.407	4.605	4.831	5.012	5.271	5.613	5.982	6.515	7.063	7.536	7.898	8.318	8.716	9.07	9.558	10.18	10.738	10.973	11.07	11.352	11.644	11.966	12.287	12.619	12.97	2015
7225	PPPGDP	SWE	87.473	99.983	107.701	114.256	123.392	130.233	136.748	144.818	153.575	163.476	170.878	174.753	176.994	177.656	188.853	200.55	207.31	216.976	228.601	242.614	259.884	269.962	279.79	292.178	313.183	332.369	358.643	380.723	386.029	368.794	395.656	414.584	421.012	433.121	452.357	475.901	498.121	522.849	547.272	571.477	592.899	614.927	638.142	2015
7269	PPPGDP	CHE	107.336	119.19	124.716	130.543	139.355	149.119	154.956	161.324	172.466	187.012	201.104	205.854	210.267	214.88	222.38	228.368	233.887	243.355	253.059	261.078	277.978	288.424	293.282	299.367	315.797	336.032	360.618	385.476	401.733	396.217	412.404	429.073	441.589	456.86	474.302	483.193	495.962	514.162	534.109	554.558	575.361	596.995	619.775	2016
7313	PPPGDP	SYR	18.886	22.397	24.401	25.771	24.952	27.629	26.845	27.875	32.52	31.735	36.318	41.552	48.129	52.924	57.042	61.389	64.364	64.752	69.09	67.958	71.099	75.396	81.067	81	88.972	97.542	105.613	114.576	122.053	130.251	136.377	n/a	n/a	n/a	n/a	n/a	n/a	n/a	n/a	n/a	n/a	n/a	n/a	2010
7357	PPPGDP	TWN	72.472	72.46	80.647	91.412	104.168	112.669	128.176	148.145	165.626	187.121	204.997	229.527	254.229	277.981	305.173	331.792	358.71	387.156	407.837	441.892	480.963	485.727	520.677	552.941	605.111	658.405	716.799	783.829	804.832	798.24	893.89	947.053	984.404	1,022.33	1,082.48	1,102.00	1,132.14	1,177.05	1,225.86	1,278.07	1,334.17	1,394.99	1,459.62	2015
7401	PPPGDP	TJK	n/a	n/a	n/a	n/a	n/a	n/a	n/a	n/a	n/a	n/a	n/a	n/a	7.26	6.608	5.304	4.738	4.614	4.773	5.08	5.349	5.925	6.678	7.397	8.314	9.449	10.406	11.476	12.701	13.973	14.628	15.769	17.286	18.925	20.653	22.432	24.033	26.03	27.802	29.845	32.177	34.796	37.631	40.719	2014
7445	PPPGDP	TZA	10.994	12.081	12.908	13.739	14.71	15.879	17.269	18.754	20.265	21.853	24.258	25.584	26.321	27.272	28.289	29.91	31.84	33.526	35.147	37.412	40.151	43.529	47.247	51.253	56.46	62.038	66.924	74.52	80.212	85.171	91.694	100.984	108.132	117.858	128.325	138.732	149.804	163.522	178.758	194.969	211.881	230.212	250.263	2015
7489	PPPGDP	THA	74.627	86.418	96.692	106.119	116.214	125.501	135.117	151.755	177.939	207.399	240.067	268.902	300.417	334.246	368.658	406.907	437.753	432.987	404.274	429.229	458.555	485.159	522.897	571.666	624.329	671.402	726.412	786.273	815.532	816.049	888.083	914.029	998.289	1,042.13	1,070.49	1,113.83	1,164.93	1,226.41	1,294.78	1,366.04	1,436.93	1,510.52	1,588.73	2016
7533	PPPGDP	TLS	n/a	n/a	n/a	n/a	n/a	n/a	n/a	n/a	n/a	n/a	n/a	n/a	n/a	n/a	n/a	n/a	n/a	n/a	n/a	n/a	1.083	1.134	1.069	1.091	2.6	4.097	6.779	6.931	7.921	7.451	7.443	8.402	8.721	7.727	5.68	5.507	4.975	4.567	4.589	4.339	4.129	3.98	3.826	2014
7577	PPPGDP	TGO	2.116	2.235	2.286	2.253	2.47	2.644	2.786	2.786	3.175	3.434	3.771	3.873	3.835	3.285	3.822	4.67	4.572	4.827	4.769	4.964	5.028	5.076	5.086	5.442	5.727	5.986	6.41	6.717	7.014	7.315	7.705	8.241	8.889	9.583	10.282	10.943	11.642	12.494	13.45	14.488	15.607	16.815	18.126	2014
7621	PPPGDP	TON	0.067	0.084	0.101	0.111	0.165	0.18	0.2	0.208	0.208	0.219	0.237	0.26	0.256	0.261	0.272	0.29	0.296	0.291	0.305	0.317	0.327	0.345	0.358	0.369	0.384	0.398	0.4	0.408	0.427	0.443	0.463	0.481	0.484	0.489	0.512	0.536	0.563	0.597	0.633	0.663	0.69	0.717	0.745	2014
7665	PPPGDP	TTO	8.217	9.363	10.322	9.623	9.392	9.293	9.169	8.974	8.924	9.329	9.594	10.062	10.568	10.641	10.71	11.778	12.848	14.051	15.358	16.844	18.416	19.621	21.504	25.1	27.84	30.52	35.613	38.299	40.374	38.894	40.678	41.395	42.704	44.545	45.081	45.303	43.553	44.654	47.223	49.843	52.372	54.199	56.126	2016
7709	PPPGDP	TUN	13.594	15.684	16.577	18.036	19.747	21.534	21.649	23.689	24.536	26.147	29.032	31.24	34.511	36.208	38.32	40.164	43.7	46.993	49.861	53.67	57.251	61.396	63.398	68.199	74.25	79.705	86.799	94.681	100.844	104.773	108.797	108.913	115.246	119.97	124.873	127.605	130.576	136.797	144.195	152.81	162.439	173.188	184.747	2014
7753	PPPGDP	TUR	155.384	177.308	194.767	212.088	234.598	252.415	275.378	310.724	328.423	342.057	387.537	404.144	438.094	484.588	467.9	512.002	557.877	610.144	635.837	623.688	680.234	654.255	707.015	761.555	857.963	965.355	1,065.76	1,149.16	1,181.61	1,134.57	1,245.90	1,412.94	1,507.90	1,662.36	1,779.55	1,907.65	1,988.33	2,082.08	2,199.07	2,324.35	2,461.20	2,605.57	2,749.58	2016
7797	PPPGDP	TKM	n/a	n/a	n/a	n/a	n/a	n/a	n/a	n/a	n/a	n/a	n/a	n/a	11.826	10.897	9.204	8.719	8.283	7.473	8.06	9.534	11.563	14.238	16.737	19.989	23.556	27.484	31.435	35.84	41.932	44.842	49.548	58.014	65.612	73.448	82.498	88.766	95.526	103.987	112.998	121.39	130.039	139.677	150.229	2015
7841	PPPGDP	TUV	n/a	n/a	n/a	n/a	n/a	n/a	n/a	n/a	n/a	n/a	n/a	n/a	n/a	n/a	n/a	n/a	n/a	n/a	n/a	n/a	0.022	0.022	0.025	0.024	0.025	0.024	0.026	0.028	0.031	0.03	0.029	0.032	0.033	0.034	0.036	0.037	0.039	0.041	0.042	0.044	0.046	0.048	0.05	2012
7885	PPPGDP	UGA	4.687	5.322	6.116	6.669	6.698	6.705	6.905	7.365	8.255	9.125	10.077	10.598	11.473	12.532	13.783	15.361	16.673	17.742	19.024	20.851	22.166	24.659	26.804	29.022	31.551	35.825	39.529	43.853	49.376	53.765	58.594	63.883	66.769	70.539	75.509	80.128	84.976	91.212	98.618	106.99	116.147	126.787	139.884	2014
7929	PPPGDP	UKR	n/a	n/a	n/a	n/a	n/a	n/a	n/a	n/a	n/a	n/a	n/a	n/a	318.309	277.653	219.007	196.427	180.309	177.572	176.24	178.575	193.472	216.141	231.177	258.226	296.623	315.569	349.893	388.715	405.232	346.506	351.656	378.532	386.425	392.56	373.406	340.537	352.978	368.047	388.2	410.789	436.004	462.806	491.521	2016
7973	PPPGDP	ARE	75.713	89.425	88.146	86.815	93.897	94.458	77.795	84.012	84.672	101.804	130.444	137.672	145.168	148.579	162.914	177.255	190.128	209.924	213.88	225.299	258.834	269.628	280.429	311.192	350.338	379.166	429.263	454.719	478.437	456.796	469.939	503.071	548.822	584.057	612.825	642.694	668.933	693.765	740.449	781.797	825.09	868.792	915.35	2014
8017	PPPGDP	GBR	498.558	540.864	586	634.841	672.324	722.892	760.72	821.947	899.954	959.099	1,001.70	1,023.46	1,050.56	1,102.52	1,169.73	1,224.05	1,278.16	1,340.70	1,398.49	1,466.51	1,556.05	1,634.90	1,699.79	1,793.78	1,889.70	2,008.47	2,122.00	2,234.14	2,263.68	2,182.16	2,251.12	2,332.27	2,406.42	2,492.01	2,614.52	2,700.63	2,785.56	2,905.39	3,013.71	3,129.30	3,253.35	3,382.99	3,519.59	2016
8061	PPPGDP	USA	2,862.48	3,210.95	3,345.00	3,638.13	4,040.70	4,346.75	4,590.13	4,870.23	5,252.63	5,657.70	5,979.58	6,174.05	6,539.30	6,878.70	7,308.78	7,664.05	8,100.18	8,608.53	9,089.15	9,660.63	10,284.75	10,621.83	10,977.53	11,510.68	12,274.93	13,093.70	13,855.90	14,477.63	14,718.58	14,418.73	14,964.40	15,517.93	16,155.25	16,691.50	17,393.10	18,036.65	18,569.10	19,417.14	20,351.77	21,239.30	22,063.04	22,886.24	23,760.33	2016
8105	PPPGDP	URY	12.461	13.884	13.368	13.439	13.764	14.414	16.007	17.718	18.608	19.544	20.328	21.748	24.008	25.232	27.645	27.813	29.901	31.948	33.677	33.178	33.331	32.91	31.059	32.416	34.853	38.422	41.226	45.092	49.276	51.757	56.477	60.619	63.92	67.964	71.422	72.899	74.92	77.8	81.609	86.068	90.526	95.26	100.159	2016
8149	PPPGDP	UZB	n/a	n/a	n/a	n/a	n/a	n/a	n/a	n/a	n/a	n/a	n/a	n/a	37.778	37.77	36.568	36.994	38.31	40.992	43.222	45.771	48.591	51.786	54.684	58.117	64.134	70.831	78.483	88.226	98.053	106.8	117.294	129.652	142.867	156.788	172.523	188.329	205.689	222.792	241.529	261.637	282.929	305.98	331.086	2014
8193	PPPGDP	VUT	0.11	0.125	0.135	0.145	0.164	0.171	0.175	0.174	0.177	0.187	0.216	0.23	0.242	0.249	0.278	0.286	0.298	0.318	0.326	0.332	0.359	0.355	0.342	0.364	0.388	0.422	0.472	0.51	0.553	0.576	0.592	0.612	0.634	0.657	0.684	0.686	0.723	0.772	0.821	0.869	0.913	0.959	1.008	2014
8237	PPPGDP	VEN	117.193	126.484	137.885	129.202	140.775	146.54	158.584	170.439	187.89	168.025	185.51	210.335	228.168	234.239	233.605	247.9	251.925	272.563	276.331	263.809	279.76	295.848	273.788	257.591	313.074	356.489	403.717	450.74	483.838	471.901	470.555	500.326	538.21	554.247	542.199	513.937	426.971	404.109	396.215	399.643	401.995	404.396	407.444	2015
8281	PPPGDP	VNM	23.595	27.294	31.35	34.899	39.172	42.697	45.02	47.346	51.502	57.678	62.831	68.693	76.372	84.505	93.927	105.034	116.94	128.638	137.531	146.301	159.786	174.695	189.936	207.945	230.306	255.657	281.9	310.034	334.014	354.717	382.114	414.339	444.114	475.754	513.25	553.421	595.524	648.243	704.507	764.599	828.381	897.561	973.042	2016
8325	PPPGDP	YEM	n/a	n/a	n/a	n/a	n/a	n/a	n/a	n/a	n/a	n/a	25.928	28.477	31.516	33.557	36.575	39.455	42.037	44.994	48.214	50.8	55.168	58.571	61.811	65.406	69.874	76.155	80.984	85.914	90.795	95.021	103.59	92.285	96.234	102.505	104.144	75.688	69.185	74.25	86.311	93.223	100.449	108.264	116.768	2008
8369	PPPGDP	ZMB	8.014	9.343	9.634	9.899	10.075	10.526	10.92	11.366	12.854	12.866	13.264	13.615	14.211	14.537	12.871	13.52	14.623	15.441	15.548	16.52	17.554	18.909	20.064	21.886	24.069	26.641	29.63	32.959	36.218	39.858	44.499	47.945	52.538	56.088	59.771	62.18	64.867	68.648	73.009	77.632	82.797	88.303	94.235	2015
8413	PPPGDP	ZWE	n/a	n/a	n/a	n/a	n/a	n/a	n/a	n/a	n/a	n/a	n/a	n/a	n/a	n/a	n/a	n/a	n/a	n/a	25.411	25.537	25.003	25.441	23.803	20.27	19.48	18.566	18.451	18.303	15.568	16.869	19.017	21.72	24.458	25.967	27.449	28.054	28.571	29.795	30.002	30.66	31.577	32.5	33.462	2013
